Unnamed: 0,#stm_sap_meldnr,stm_mon_nr,stm_sap_meld_ddt,stm_sap_meldtekst_lang,stm_sap_meldtekst,stm_geo_mld,stm_geo_mld_uit_functiepl,stm_km_van_mld,stm_km_tot_mld,stm_prioriteit,stm_status_melding_sap,stm_aanngeb_ddt,stm_oh_pg_gst,stm_geo_gst,stm_geo_gst_uit_functiepl,stm_km_van_gst,stm_km_tot_gst,stm_oorz_groep,stm_oorz_code,stm_fh_ddt,stm_fh_status,stm_sap_storeind_ddt,stm_tao_indicator,stm_tao_telling_mutatie,stm_tao_beinvloedbaar_indicator,stm_evb,stm_sap_melddatum,stm_sap_meldtijd,stm_functiepl_mld,stm_contractgeb_gst,stm_functiepl_gst,stm_techn_gst,stm_aanngeb_dd,stm_aanngeb_tijd,stm_aanntpl_tijd,stm_arbeid,stm_progfh_in_tijd,stm_progfh_in_invoer_tijd,stm_progfh_in_duur,stm_progfh_gw_tijd,stm_progfh_gw_duur,stm_progfh_gw_teller,stm_afspr_aanvangdd,stm_afspr_aanvangtijd,stm_fh_dd,stm_fh_tijd,stm_fh_duur,stm_reactie_duur,stm_sap_storeinddatum,stm_sap_storeindtijd
1,50053211,0.0,02/01/2006 09:00:00,logboeknr  geeltje  :   49 tijd: 0900   vl-post: rtd gd schouwwerkzaamheden wbi rz408065 zxijn niet tijdig aangevangen ivm het ontbreken van de papieren bij de lwb. deze heeft gebeld en de papieren zijn onderweg. gevolgen nog niet te overzien.,logboeknr  geeltje  :   49 tijd: 0900,624.0,624.0,0.0,0.0,9.0,mafs mafd,02/01/2006 09:00:00,81s,624.0,624.0,0.0,0.0,onr-rib,133.0,02/01/2006 09:00:00,4.0,02/01/2006 09:00:00,n,0,b,"0,00",02/01/2006,09:00:00,624,81.0,624,s,02/01/2006,09:00:00,00:00:00,99999999.0,00:00:00,00:00:00,99999999.0,00:00:00,99999999.0,0.0,00/00/0000,00:00:00,02/01/2006,09:00:00,0.0,99999999.0,02/01/2006,09:00:00
2,50053213,48.0,02/01/2006 12:35:00,logboeknr  rbv  :   48 tijd: 1235   vl-post: gn        datum: 02012006 lp     apg schapen op de spoorbaan!,logboeknr  rbv  :   48 tijd: 1235   vl-p,201.0,201.0,0.0,0.0,9.0,mafs,02/01/2006 12:35:00,37b,201.0,201.0,30200.0,0.0,onr-derd,143.0,02/01/2006 13:26:00,4.0,02/01/2006 13:26:00,n,0,nb,"0,00",02/01/2006,12:35:00,201,37.0,201,b,02/01/2006,12:35:00,00:00:00,99999999.0,00:00:00,00:00:00,99999999.0,00:00:00,99999999.0,0.0,00/00/0000,00:00:00,02/01/2006,13:26:00,51.0,99999999.0,02/01/2006,13:26:00
3,50053214,72.0,02/01/2006 16:40:00,logboeknr  rbv  :   72 tijd: 1640   vl-post: zl        datum: 02012006 hgl middels alarmoproep meldt mcn tr.1660 een vrouw in het spoor aml-hgl t .h.v. km 14.0. gevolg afgeven aanwijzijng vr.,logboeknr  rbv  :   72 tijd: 1640   vl-p,25.0,25.0,0.0,0.0,9.0,mafs mafd,02/01/2006 16:40:00,32b,25.0,25.0,14000.0,0.0,onr-derd,142.0,02/01/2006 17:20:00,4.0,02/01/2006 17:20:00,n,0,nb,"0,00",02/01/2006,16:40:00,025,32.0,025,b,02/01/2006,16:40:00,00:00:00,99999999.0,00:00:00,00:00:00,99999999.0,00:00:00,99999999.0,0.0,00/00/0000,00:00:00,02/01/2006,17:20:00,40.0,99999999.0,02/01/2006,17:20:00
4,50053215,96.0,02/01/2006 22:30:00,logboeknr  rbv  :   96 tijd: 2230   vl-post: zl        datum: 02012006 hgv hgv bijna aanrijding met persoon (?),logboeknr  rbv  :   96 tijd: 2230   vl-p,12.0,12.0,0.0,0.0,9.0,mafs,02/01/2006 22:30:00,35b,12.0,12.0,19819.0,0.0,onr-derd,142.0,02/01/2006 22:36:00,4.0,02/01/2006 22:36:00,n,0,nb,"0,00",02/01/2006,22:30:00,012,35.0,012,b,02/01/2006,22:30:00,00:00:00,99999999.0,00:00:00,00:00:00,99999999.0,00:00:00,99999999.0,0.0,00/00/0000,00:00:00,02/01/2006,22:36:00,6.0,99999999.0,02/01/2006,22:36:00
5,50053218,38.0,02/01/2006 11:23:00,logboeknr  rbv  :   38 tijd: 1123   vl-post: ehv       datum: 02012006 ht tr 935 door sts 282 met aw. reden ongewenst bs lampje thv km 49.8 tr 9635 +8: tr 935 voorlangs kruisen en extra vtg door afgeven aw tr tr 935 door sts 282 met aw. reden ongewenst bs lampje thv km 49.8,logboeknr  rbv  :   38 tijd: 1123   vl-p,614.0,614.0,0.0,0.0,9.0,mafs,02/01/2006 11:23:00,21s,614.0,614.0,0.0,0.0,techonv,218.0,02/01/2006 11:30:00,4.0,13/05/2013 02:30:00,n,0,b,"0,60",02/01/2006,11:23:00,614-601-1000038436,21.0,614-601-1000038436,s,02/01/2006,11:23:00,00:00:00,99999999.0,00:00:00,00:00:00,99999999.0,00:00:00,99999999.0,0.0,00/00/0000,00:00:00,02/01/2006,11:30:00,7.0,99999999.0,23/01/2006,00:00:00
6,50053219,99.0,02/01/2006 23:25:00,logboeknr  rbv  :   99 tijd: 2325   vl-post: ehv       datum: 02012006 tb tb : bijna aanrijding met persoon,logboeknr  rbv  :   99 tijd: 2325   vl-p,551.0,551.0,0.0,0.0,9.0,mafs,02/01/2006 23:25:00,20b,551.0,551.0,22135.0,0.0,onr-derd,142.0,02/01/2006 23:38:00,4.0,03/01/2006 09:44:00,n,0,nb,"0,60",02/01/2006,23:25:00,551-storng,20.0,551-storng,b,02/01/2006,23:25:00,00:00:00,99999999.0,00:00:00,00:00:00,99999999.0,00:00:00,99999999.0,0.0,00/00/0000,00:00:00,02/01/2006,23:38:00,13.0,99999999.0,03/01/2006,09:44:00
7,50053220,0.0,02/01/2006 16:45:00,logboeknr  geeltje  :   79 tijd: 1645   vl-post: amf pt     hd afgifte aanwijzing vr. loslopend paard langs de baan. geen kilometrering opgekregen geringe vtg.,logboeknr  geeltje  :   79 tijd: 1645,17.0,17.0,0.0,0.0,9.0,mafs,02/01/2006 16:45:00,29b,17.0,17.0,44482.0,0.0,onr-derd,143.0,02/01/2006 17:00:00,4.0,02/01/2006 17:00:00,n,0,nb,"0,00",02/01/2006,16:45:00,017,29.0,017,b,02/01/2006,16:45:00,00:00:00,99999999.0,00:00:00,00:00:00,99999999.0,00:00:00,99999999.0,0.0,00/00/0000,00:00:00,02/01/2006,17:00:00,15.0,99999999.0,02/01/2006,17:00:00
8,50053222,0.0,02/01/2006 14:18:00,logboeknr  geeltje  :   73 tijd: 1418   vl-post: amf brn    amf de mcn meldde een bijna aanrijding met een vrachtauto op het overpad bij de bokkeduinen. nsr kgg.,logboeknr  geeltje  :   73 tijd: 1418,506.0,506.0,0.0,0.0,9.0,mafs mafd,02/01/2006 14:18:00,12b,506.0,506.0,43288.0,0.0,onr-derd,141.0,02/01/2006 14:48:00,4.0,02/01/2006 14:48:00,n,0,nb,"6,40",02/01/2006,14:18:00,506-204-1000065609,12.0,506-204-1000065609,b,02/01/2006,14:18:00,00:00:00,99999999.0,00:00:00,00:00:00,99999999.0,00:00:00,99999999.0,0.0,00/00/0000,00:00:00,02/01/2006,14:48:00,30.0,99999999.0,02/01/2006,14:48:00
9,50053223,0.0,02/01/2006 12:00:00,logboeknr  geeltje  :   65 tijd: 1200   vl-post: amr amr de werkzaamheden genoemd in wbi rn 407989 zijn niet doorgegaan. ook heeft niemand de moeite genomen om de trdl in te lichten.,logboeknr  geeltje  :   65 tijd: 1200,73.0,73.0,0.0,0.0,9.0,mafs,02/01/2006 12:00:00,06b,73.0,73.0,0.0,0.0,onr-rib,135.0,02/01/2006 12:00:00,4.0,02/01/2006 12:00:00,n,0,b,"0,00",02/01/2006,12:00:00,073,6.0,073,b,02/01/2006,12:00:00,00:00:00,99999999.0,00:00:00,00:00:00,99999999.0,00:00:00,99999999.0,0.0,00/00/0000,00:00:00,02/01/2006,12:00:00,0.0,99999999.0,02/01/2006,12:00:00
10,50053224,0.0,02/01/2006 20:00:00,logboeknr  geeltje  :  103 tijd: 2000   vl-post: amr hk mcn meende iets geraakt te hebben. nader onderzoek wees uit dat er niets aan de hand was.,logboeknr  geeltje  :  103 tijd: 2000,76.0,76.0,0.0,0.0,9.0,mafs,02/01/2006 20:00:00,07b,76.0,76.0,14373.0,0.0,onr-derd,151.0,02/01/2006 20:00:00,4.0,02/01/2006 20:00:00,n,0,nb,"1,20",02/01/2006,20:00:00,076,7.0,076,b,02/01/2006,20:00:00,00:00:00,99999999.0,00:00:00,00:00:00,99999999.0,00:00:00,99999999.0,0.0,00/00/0000,00:00:00,02/01/2006,20:00:00,0.0,99999999.0,02/01/2006,20:00:00
11,50053225,0.0,02/01/2006 10:45:00,logboeknr  geeltje  :   59 tijd: 1045   vl-post: amr hlo    cas de politie meldde dat er een vrouw langs het spoor liep tussen km 49.6 en km 49.9. er is een alarmoproep uitgegaan en er is met aanwijzing vr gereden.,logboeknr  geeltje  :   59 tijd: 1045,75.0,75.0,0.0,0.0,9.0,mafs,02/01/2006 10:45:00,07b,75.0,75.0,49750.0,0.0,onr-derd,142.0,02/01/2006 11:14:00,4.0,02/01/2006 11:14:00,n,0,nb,"0,00",02/01/2006,10:45:00,075,7.0,075,b,02/01/2006,10:45:00,00:00:00,99999999.0,00:00:00,00:00:00,99999999.0,00:00:00,99999999.0,0.0,00/00/0000,00:00:00,02/01/2006,11:14:00,29.0,99999999.0,02/01/2006,11:14:00
12,50053226,0.0,03/01/2006 11:48:00,logboeknr  geeltje  :  127 tijd: 1148   vl-post: amr bv werkzaamheden onder wbi rn408471 zijn vervallen,logboeknr  geeltje  :  127 tijd: 1148,76.0,76.0,0.0,0.0,9.0,mafs,03/01/2006 11:48:00,07b,76.0,76.0,0.0,0.0,onr-rib,135.0,03/01/2006 11:48:00,4.0,03/01/2006 11:48:00,n,0,b,"0,00",03/01/2006,11:48:00,076,7.0,076,b,03/01/2006,11:48:00,00:00:00,99999999.0,00:00:00,00:00:00,99999999.0,00:00:00,99999999.0,0.0,00/00/0000,00:00:00,03/01/2006,11:48:00,0.0,99999999.0,03/01/2006,11:48:00
13,50053227,0.0,03/01/2006 19:18:00,"logboeknr  geeltje  :  123 tijd: 1918   vl-post: gvc dt     dtz cmk meldt verdacht, mogelijk su#cidaal persoon tussen dt en dtz.. afgeven aanw. vr.","cmk meldt verdacht, mogelijk su#cidaal p",112.0,112.0,0.0,0.0,5.0,mafs,03/01/2006 19:18:00,02b,112.0,112.0,70500.0,0.0,onr-derd,142.0,03/01/2006 19:42:00,1.0,03/01/2006 19:42:00,n,0,nb,"5,40",03/01/2006,19:18:00,112,2.0,112,b,03/01/2006,19:18:00,00:00:00,99999999.0,00:00:00,00:00:00,99999999.0,00:00:00,99999999.0,0.0,00/00/0000,00:00:00,03/01/2006,19:42:00,24.0,99999999.0,03/01/2006,19:42:00
14,50053229,0.0,03/01/2006 13:33:00,"logboeknr  geeltje  :  107 tijd: 1333   vl-post: rtd mss    msw mcn tr 4249 meldt vrachtwagen dicht langs het spoor thv kmn 12,5 (owv). tr 4138 aanw vr.",mcn tr 4249 meldt vrachtwagen dicht lang,115.0,115.0,0.0,0.0,5.0,mafs,03/01/2006 13:33:00,03b,115.0,115.0,12500.0,0.0,onr-derd,141.0,03/01/2006 13:34:00,1.0,03/01/2006 13:34:00,n,0,nb,"0,30",03/01/2006,13:33:00,115,3.0,115,b,03/01/2006,13:33:00,00:00:00,99999999.0,00:00:00,00:00:00,99999999.0,00:00:00,99999999.0,0.0,00/00/0000,00:00:00,03/01/2006,13:34:00,1.0,99999999.0,03/01/2006,13:34:00
15,50053233,45.0,03/01/2006 10:32:00,"logboeknr  rbv  :   45 tijd: 1032   vl-post: gn        datum: 03012006 lw rijri.sto. lw-hlg, eenmalig. 30127 +/- 10'.",logboeknr  rbv  :   45 tijd: 1032   vl-p,1.0,1.0,0.0,0.0,9.0,mafs,03/01/2006 10:32:00,36s,1.0,1.0,0.0,0.0,techonv,218.0,03/01/2006 11:25:00,4.0,03/01/2006 11:25:00,n,0,b,"3,20",03/01/2006,10:32:00,001,36.0,001,s,03/01/2006,10:32:00,00:00:00,99999999.0,00:00:00,00:00:00,99999999.0,00:00:00,99999999.0,0.0,00/00/0000,00:00:00,03/01/2006,11:25:00,53.0,99999999.0,03/01/2006,11:25:00
200,50053574,3.0,08/01/2006 04:10:00,logboeknr  rbv  :    3 tijd: 0410   vl-post: ah        datum: 08012006 ow     o meldkamer meld vrouw in het spoor bij km 40.3. het bljikt een depressi eve man te zijn en is door de politie meegenomen,logboeknr  rbv  :    3 tijd: 0410   vl-p,47.0,47.0,0.0,0.0,9.0,mafs,08/01/2006 04:10:00,21b,47.0,47.0,40300.0,0.0,onr-derd,142.0,08/01/2006 04:33:00,4.0,23/01/2006 15:06:00,n,0,nb,"0,00",08/01/2006,04:10:00,047-storng,21.0,047-storng,b,08/01/2006,04:10:00,00:00:00,99999999.0,00:00:00,00:00:00,99999999.0,00:00:00,99999999.0,0.0,00/00/0000,00:00:00,08/01/2006,04:33:00,23.0,99999999.0,23/01/2006,15:06:00
201,50053576,27.0,06/01/2006 09:15:00,logboeknr  rbv  :   27 tijd: 0915   vl-post: ah        datum: 06012006 rs 2 honden langs en op het spoor = vangers,logboeknr  rbv  :   27 tijd: 0915   vl-p,47.0,47.0,0.0,0.0,9.0,mafs,06/01/2006 09:15:00,21b,47.0,47.0,34900.0,0.0,onr-derd,143.0,06/01/2006 10:08:00,4.0,23/01/2006 15:08:00,n,0,nb,"0,00",06/01/2006,09:15:00,047-storng,21.0,047-storng,b,06/01/2006,09:15:00,00:00:00,99999999.0,00:00:00,00:00:00,99999999.0,00:00:00,99999999.0,0.0,00/00/0000,00:00:00,06/01/2006,10:08:00,53.0,99999999.0,23/01/2006,15:08:00
202,50053582,26.0,21/01/2006 14:00:00,logboeknr  rbv  :   26 tijd: 1400   vl-post: ehv       datum: 21012006 ehv reiziger (vl-ehv) meldt aan mcn 5248 dat bij ovw 49.0  tgra kinderen m rijden met aanwijzing voorzichtig rijden. na 2 nihil-meldingen rijden met aanwijzing gestaakt om 14:12 uur,logboeknr  rbv  :   26 tijd: 1400   vl-p,618.0,618.0,0.0,0.0,9.0,mafs,21/01/2006 14:00:00,24b,618.0,618.0,49000.0,0.0,onr-derd,145.0,21/01/2006 14:12:00,4.0,23/01/2006 10:46:00,n,0,nb,"2,40",21/01/2006,14:00:00,618-storng,24.0,618-storng,b,21/01/2006,14:00:00,00:00:00,99999999.0,00:00:00,00:00:00,99999999.0,00:00:00,99999999.0,0.0,00/00/0000,00:00:00,21/01/2006,14:12:00,12.0,99999999.0,23/01/2006,10:46:00
203,50053583,39.0,01/01/2006 20:00:00,logboeknr  rbv  :   39 tijd: 2000   vl-post: ehv       datum: 01012006 hmbh reiziger 6572 meldt via klpd dat in hmbh op spoor 1 een brullenbak zou personeel 9674 heeft gekeken in hmbh maar niets kunnen ontdekken.,logboeknr  rbv  :   39 tijd: 2000   vl-p,55.0,55.0,0.0,0.0,9.0,mafs,01/01/2006 20:00:00,24b,55.0,55.0,35520.0,0.0,onr-derd,146.0,01/01/2006 20:10:00,4.0,23/01/2006 15:13:00,n,0,nb,"0,40",01/01/2006,20:00:00,055-storng,24.0,055-storng,b,01/01/2006,20:00:00,00:00:00,99999999.0,00:00:00,00:00:00,99999999.0,00:00:00,99999999.0,0.0,00/00/0000,00:00:00,01/01/2006,20:10:00,10.0,99999999.0,23/01/2006,15:13:00
204,50053584,13.0,12/01/2006 07:10:00,logboeknr  rbv  :   13 tijd: 0710   vl-post: ehv       datum: 12012006 hmh aanrijding met persoon bij km 42.0. gereden volgens versperringsmaatregel 22a 1917 + 153 richting venlo,logboeknr  rbv  :   13 tijd: 0710   vl-p,55.0,55.0,0.0,0.0,9.0,mafs mafd,12/01/2006 07:10:00,24b,55.0,55.0,42000.0,0.0,onr-derd,142.0,12/01/2006 09:41:00,4.0,23/01/2006 15:16:00,n,0,nb,"14,40",12/01/2006,07:10:00,055-storng,24.0,055-storng,b,12/01/2006,07:10:00,00:00:00,99999999.0,00:00:00,00:00:00,99999999.0,00:00:00,99999999.0,0.0,00/00/0000,00:00:00,12/01/2006,09:41:00,151.0,99999999.0,23/01/2006,15:16:00
205,50053586,61.0,07/01/2006 20:42:00,logboeknr  rbv  :   61 tijd: 2042   vl-post: ehv       datum: 07012006 hmh verdacht persoon gereden met aanwijzing thv 37.7,logboeknr  rbv  :   61 tijd: 2042   vl-p,55.0,55.0,0.0,0.0,9.0,mafs,07/01/2006 20:42:00,24b,55.0,55.0,37700.0,0.0,onr-derd,142.0,07/01/2006 21:06:00,4.0,23/01/2006 15:20:00,n,0,nb,"0,40",07/01/2006,20:42:00,055-storng,24.0,055-storng,b,07/01/2006,20:42:00,00:00:00,99999999.0,00:00:00,00:00:00,99999999.0,00:00:00,99999999.0,0.0,00/00/0000,00:00:00,07/01/2006,21:06:00,24.0,99999999.0,23/01/2006,15:20:00
206,50053587,154.0,08/01/2006 11:04:00,logboeknr  rbv  :  154 tijd: 1104   vl-post: ehv       datum: 08012006 hmh aanwijzing vr 44.0-46.0 op last  klpd ; 3-tal pers. langs baan,logboeknr  rbv  :  154 tijd: 1104   vl-p,55.0,55.0,0.0,0.0,9.0,mafs,08/01/2006 11:04:00,24b,55.0,55.0,45000.0,0.0,onr-derd,142.0,08/01/2006 11:16:00,4.0,23/01/2006 15:26:00,n,0,nb,"0,00",08/01/2006,11:04:00,055-storng,24.0,055-storng,b,08/01/2006,11:04:00,00:00:00,99999999.0,00:00:00,00:00:00,99999999.0,00:00:00,99999999.0,0.0,00/00/0000,00:00:00,08/01/2006,11:16:00,12.0,99999999.0,23/01/2006,15:26:00
207,50053588,32.0,20/01/2006 13:10:00,logboeknr  rbv  :   32 tijd: 1310   vl-post: ehv       datum: 20012006 ot mensen langs de baan,logboeknr  rbv  :   32 tijd: 1310   vl-p,125.0,125.0,0.0,0.0,9.0,mafs,20/01/2006 13:10:00,23b,125.0,125.0,30100.0,0.0,onr-derd,142.0,20/01/2006 13:25:00,4.0,23/01/2006 11:45:00,n,0,nb,"0,00",20/01/2006,13:10:00,125-storng,23.0,125-storng,b,20/01/2006,13:10:00,00:00:00,99999999.0,00:00:00,00:00:00,99999999.0,00:00:00,99999999.0,0.0,00/00/0000,00:00:00,20/01/2006,13:25:00,15.0,99999999.0,23/01/2006,11:45:00
208,50053591,39.0,20/01/2006 14:32:00,"logboeknr  rbv  :   39 tijd: 1432   vl-post: ehv       datum: 20012006 vga 9647 stond voor wissel 309,deze was eenmalig gestoord,daardoor onstond  er een kleine opstopping,en kon 60273 niet op tijd vertrekken.",logboeknr  rbv  :   39 tijd: 1432   vl-p,515.0,515.0,0.0,0.0,9.0,mafs,20/01/2006 14:32:00,21b,515.0,515.0,0.0,0.0,techonv,298.0,20/01/2006 14:47:00,4.0,23/01/2006 11:39:00,n,0,b,"0,40",20/01/2006,14:32:00,515-302-1000076172,21.0,515-302-1000076172,b,20/01/2006,14:32:00,00:00:00,99999999.0,00:00:00,00:00:00,99999999.0,00:00:00,99999999.0,0.0,00/00/0000,00:00:00,20/01/2006,14:47:00,15.0,99999999.0,23/01/2006,11:39:00
209,50053592,31.0,22/01/2006 09:50:00,logboeknr  rbv  :   31 tijd: 0950   vl-post: ehv       datum: 22012006 vlb    vry op verzoek klpd rijden met aanwijzing vr van km 53.0 tot km 50.0 tusse,logboeknr  rbv  :   31 tijd: 0950   vl-p,52.0,52.0,0.0,0.0,9.0,mafs,22/01/2006 09:50:00,27b,52.0,52.0,51500.0,0.0,onr-derd,142.0,22/01/2006 10:36:00,4.0,23/01/2006 09:42:00,n,0,nb,"0,20",22/01/2006,09:50:00,052-storng,27.0,052-storng,b,22/01/2006,09:50:00,00:00:00,99999999.0,00:00:00,00:00:00,99999999.0,00:00:00,99999999.0,0.0,00/00/0000,00:00:00,22/01/2006,10:36:00,46.0,99999999.0,23/01/2006,09:42:00
210,50053603,34.0,20/01/2006 12:55:00,logboeknr  rbv  :   34 tijd: 1255   vl-post: mt        datum: 20012006 rv mcn 6244 meldt bijna aanrijding tussen reuver en tegelen. moeten wacht en op politie. treinen tussen tg en rv worden opgeheven. na vertrek 62 44 nog rijden met aanwijzing vr daar de politie nog zoekt naar spullen  van meisje dat bijna aanrijding veroorzaakte.,logboeknr  rbv  :   34 tijd: 1255   vl-p,60.0,60.0,0.0,0.0,9.0,mafs,20/01/2006 12:55:00,27b,60.0,60.0,61772.0,0.0,onr-derd,142.0,20/01/2006 13:25:00,4.0,23/01/2006 11:43:00,n,0,nb,"1,80",20/01/2006,12:55:00,060-storng,27.0,060-storng,b,20/01/2006,12:55:00,00:00:00,99999999.0,00:00:00,00:00:00,99999999.0,00:00:00,99999999.0,0.0,00/00/0000,00:00:00,20/01/2006,13:25:00,30.0,99999999.0,23/01/2006,11:43:00
211,50053604,40.0,21/01/2006 17:19:00,logboeknr  rbv  :   40 tijd: 1719   vl-post: mt        datum: 21012006 srn dronken persoon te station susteren afgevoerd per ambulance,logboeknr  rbv  :   40 tijd: 1719   vl-p,62.0,62.0,0.0,0.0,9.0,mafs,21/01/2006 17:19:00,25b,62.0,62.0,28400.0,0.0,onr-derd,142.0,21/01/2006 18:28:00,4.0,23/01/2006 10:15:00,n,0,nb,"0,40",21/01/2006,17:19:00,062-storng,25.0,062-storng,b,21/01/2006,17:19:00,00:00:00,99999999.0,00:00:00,00:00:00,99999999.0,00:00:00,99999999.0,0.0,00/00/0000,00:00:00,21/01/2006,18:28:00,69.0,99999999.0,23/01/2006,10:15:00
212,50053607,0.0,23/01/2006 00:35:00,logboeknr  geeltje  : 1207 tijd: 0035   vl-post: amr hn de werkzaamheden genoemd in wbi rn 410315 zijn niet doorgegaan. ook heeft niemand de moeite genomen om de trdl hiervan op de hoogte te stellen.,logboeknr  geeltje  : 1207 tijd: 0035,79.0,79.0,0.0,0.0,9.0,mafs,23/01/2006 00:35:00,06b,79.0,79.0,0.0,0.0,onr-rib,135.0,23/01/2006 00:35:00,4.0,24/01/2006 13:17:00,n,0,b,"0,00",23/01/2006,00:35:00,079,6.0,079,b,23/01/2006,00:35:00,00:00:00,99999999.0,00:00:00,00:00:00,99999999.0,00:00:00,99999999.0,0.0,00/00/0000,00:00:00,23/01/2006,00:35:00,0.0,99999999.0,24/01/2006,13:17:00
213,50053608,81.0,18/01/2006 08:45:00,logboeknr  rbv  :   81 tijd: 0845   vl-post: ah        datum: 18012006 go go tobs: ten onrechte spoorbeztting achter sn 264. oorzaak een stuk ijzer op de las. ten onrechte spoorbeztting achter sn 264. oorzaak een stuk ijzer op de,logboeknr  rbv  :   81 tijd: 0845   vl-p,31.0,31.0,0.0,0.0,9.0,mafs,18/01/2006 08:45:00,32b,31.0,31.0,29400.0,0.0,onr-derd,146.0,18/01/2006 09:25:00,4.0,18/01/2006 09:25:00,n,0,nb,"0,10",18/01/2006,08:45:00,031,32.0,031,b,18/01/2006,08:45:00,00:00:00,99999999.0,00:00:00,00:00:00,99999999.0,00:00:00,99999999.0,0.0,00/00/0000,00:00:00,18/01/2006,09:25:00,40.0,99999999.0,18/01/2006,09:25:00
214,50053609,146.0,23/01/2006 22:31:00,"logboeknr  rbv  :  146 tijd: 2231   vl-post: ah        datum: 23012006 ijbz ijbz aanr: melding mcn 3685, dat trein stilstaat op ijsselbrug zp ivm aanrijding van iets. na schouwen van treinpersoneel niets aangetroffen en treinverkeer weer hervat. melding mcn 3685, dat trein stilstaat op ijsselbrug zp ivm aanrijding",logboeknr  rbv  :  146 tijd: 2231   vl-p,609.0,609.0,0.0,0.0,9.0,mafs mafd,23/01/2006 22:31:00,31b,609.0,609.0,27072.0,0.0,onr-derd,146.0,23/01/2006 22:44:00,4.0,23/01/2006 22:44:00,n,0,nb,"1,60",23/01/2006,22:31:00,609,31.0,609,b,23/01/2006,22:31:00,00:00:00,99999999.0,00:00:00,00:00:00,99999999.0,00:00:00,99999999.0,0.0,00/00/0000,00:00:00,23/01/2006,22:44:00,13.0,99999999.0,23/01/2006,22:44:00
215,50053610,67.0,23/01/2006 11:18:00,logboeknr  rbv  :   67 tijd: 1118   vl-post: ah        datum: 23012006 zp zp personen: voor zichtrijden ivm persoon langs baan voor zichtrijden ivm persoon langs baan,logboeknr  rbv  :   67 tijd: 1118   vl-p,609.0,609.0,0.0,0.0,9.0,mafs,23/01/2006 11:18:00,31b,609.0,609.0,27545.0,0.0,onr-derd,142.0,23/01/2006 11:35:00,4.0,23/01/2006 11:35:00,n,0,nb,"0,40",23/01/2006,11:18:00,609,31.0,609,b,23/01/2006,11:18:00,00:00:00,99999999.0,00:00:00,00:00:00,99999999.0,00:00:00,99999999.0,0.0,00/00/0000,00:00:00,23/01/2006,11:35:00,17.0,99999999.0,23/01/2006,11:35:00
640400,80767620,2548910.0,08/06/2014 22:16:00,2+ utg : [r] tobs in wl 147a. s_wbi 694750a.,2+ utg : [r] tobs in wl 147a. s_wbi 6947,522.0,522.0,57342.0,0.0,2.0,mafs,08/06/2014 22:16:00,07b,522.0,522.0,57342.0,0.0,onr-rib,135.0,08/06/2014 22:55:00,1.0,13/06/2014 15:00:00,j,1,b,"0,00",08/06/2014,22:16:00,522-302-1000104212,7.0,522-302-1000104212,b,08/06/2014,22:16:00,22:51:00,4.0,22:55:00,23:30:15,4.0,00:00:00,99999999.0,0.0,00/00/0000,00:00:00,08/06/2014,22:55:00,39.0,35.0,13/06/2014,15:00:00
640401,80767620,2548910.0,08/06/2014 22:16:00,2+ utg : [r] tobs in wl 147a. s_wbi 694750a.,2+ utg : [r] tobs in wl 147a. s_wbi 6947,522.0,522.0,57342.0,0.0,2.0,mafs,08/06/2014 22:16:00,07b,522.0,522.0,57342.0,0.0,onr-rib,135.0,08/06/2014 22:55:00,1.0,13/06/2014 15:00:00,j,0,b,"0,00",08/06/2014,22:16:00,522-302-1000104212,7.0,522-302-1000104212,b,08/06/2014,22:16:00,22:51:00,4.0,22:55:00,23:30:15,4.0,00:00:00,99999999.0,0.0,00/00/0000,00:00:00,08/06/2014,22:55:00,39.0,35.0,13/06/2014,15:00:00
640402,80767624,0.0,09/06/2014 03:27:00,wdn:storing stroomvoorziening tevens tobs,wdn:storing stroomvoorziening tevens tob,605.0,605.0,0.0,0.0,2.0,minb,09/06/2014 03:28:00,32s,298.74285714285713,298.74285714285713,0.0,0.0,weer,181.0,09/06/2014 04:15:00,1.0,13/05/2013 02:30:00,n,0,nb,"0,00",09/06/2014,03:27:00,605,32.0,155-302-1000128525,s,09/06/2014,03:28:00,03:51:00,24.0,04:15:00,04:05:26,24.0,00:00:00,99999999.0,0.0,00/00/0000,00:00:00,09/06/2014,04:15:00,47.0,23.0,23/01/2006,00:00:00
640403,80767624,0.0,09/06/2014 03:27:00,wdn:storing stroomvoorziening tevens tobs,wdn:storing stroomvoorziening tevens tob,605.0,605.0,0.0,0.0,2.0,mafs,09/06/2014 03:28:00,32s,605.0,605.0,0.0,0.0,weer,181.0,09/06/2014 04:15:00,1.0,13/05/2013 02:30:00,n,0,nb,"0,00",09/06/2014,03:27:00,605,32.0,605,s,09/06/2014,03:28:00,03:51:00,24.0,04:15:00,04:05:26,24.0,00:00:00,99999999.0,0.0,00/00/0000,00:00:00,09/06/2014,04:15:00,47.0,23.0,23/01/2006,00:00:00
640404,80767624,0.0,09/06/2014 03:27:00,wdn:storing stroomvoorziening tevens tobs,wdn:storing stroomvoorziening tevens tob,605.0,605.0,0.0,0.0,2.0,mafs,09/06/2014 03:28:00,32s,605.0,605.0,0.0,0.0,weer,181.0,09/06/2014 04:15:00,1.0,13/05/2013 02:30:00,n,0,nb,"0,00",09/06/2014,03:27:00,605,32.0,605,s,09/06/2014,03:28:00,03:51:00,24.0,04:15:00,04:05:26,24.0,00:00:00,99999999.0,0.0,00/00/0000,00:00:00,09/06/2014,04:15:00,47.0,23.0,23/01/2006,00:00:00
640405,80767625,0.0,09/06/2014 00:39:00,utzl : info + en hacousto gestoord,utzl : info + en hacousto gestoord,531.0,531.0,32985.0,0.0,5.0,mafs,09/06/2014 00:39:00,14t,531.0,531.0,32985.0,0.0,techonv,218.0,10/06/2014 11:30:00,1.0,20/06/2014 14:45:00,n,0,b,"0,00",09/06/2014,00:39:00,531-802-1000132804,14.0,531-802-1000132804,t,09/06/2014,00:39:00,10:00:00,90.0,14:48:00,14:49:43,288.0,00:00:00,99999999.0,0.0,10/06/2014,08:38:00,10/06/2014,11:30:00,2091.0,2001.0,20/06/2014,14:45:00
640406,80767625,0.0,09/06/2014 00:39:00,utzl : info + en hacousto gestoord,utzl : info + en hacousto gestoord,531.0,531.0,32985.0,0.0,5.0,mafs,09/06/2014 00:39:00,14t,531.0,531.0,32985.0,0.0,techonv,218.0,10/06/2014 11:30:00,1.0,20/06/2014 14:45:00,n,0,b,"0,00",09/06/2014,00:39:00,531-802-1000132804,14.0,531-802-1000132804,t,09/06/2014,00:39:00,10:00:00,90.0,14:48:00,14:49:43,288.0,00:00:00,99999999.0,0.0,10/06/2014,08:38:00,10/06/2014,11:30:00,2091.0,2001.0,20/06/2014,14:45:00
640407,80767626,0.0,09/06/2014 04:53:00,dtmt : brandmelding dgb + gasblusinstall. actief,dtmt : brandmelding dgb + gasblusinstall,161.0,161.0,0.0,0.0,2.0,minb,09/06/2014 04:53:00,11k,298.74285714285713,298.74285714285713,0.0,0.0,techonv,218.0,09/06/2014 07:25:00,4.0,09/06/2014 07:26:00,n,0,b,"0,00",09/06/2014,04:53:00,161,11.0,155-302-1000128525,k,09/06/2014,04:53:00,06:15:00,70.0,07:30:00,07:30:15,75.0,00:00:00,99999999.0,0.0,00/00/0000,00:00:00,09/06/2014,07:25:00,152.0,82.0,09/06/2014,07:26:00
640408,80767626,0.0,09/06/2014 04:53:00,dtmt : brandmelding dgb + gasblusinstall. actief,dtmt : brandmelding dgb + gasblusinstall,161.0,161.0,0.0,0.0,2.0,minb,09/06/2014 04:53:00,11k,298.74285714285713,298.74285714285713,0.0,0.0,techonv,218.0,09/06/2014 07:25:00,4.0,09/06/2014 07:26:00,n,0,b,"0,00",09/06/2014,04:53:00,161,11.0,155-302-1000128525,k,09/06/2014,04:53:00,06:15:00,70.0,07:30:00,07:30:15,75.0,00:00:00,99999999.0,0.0,00/00/0000,00:00:00,09/06/2014,07:25:00,152.0,82.0,09/06/2014,07:26:00
640409,80767627,0.0,09/06/2014 00:50:00,ddr : os sns en bvl-schak.g kabelbeveiligng aangesproken.,ddr : os sns en bvl-schak.g kabelbeveili,542.0,542.0,93564.0,0.0,5.0,minb,09/06/2014 00:54:00,05e,298.74285714285713,298.74285714285713,0.0,0.0,techonv,215.0,09/06/2014 02:10:00,2.0,10/06/2014 10:45:00,n,0,b,"0,00",09/06/2014,00:50:00,542-402-1000072608,5.0,155-302-1000128525,e,09/06/2014,00:54:00,01:30:00,40.0,03:00:00,02:17:40,90.0,00:00:00,99999999.0,0.0,09/06/2014,01:00:00,09/06/2014,02:10:00,76.0,36.0,10/06/2014,10:45:00
640410,80767627,0.0,09/06/2014 00:50:00,ddr : os sns en bvl-schak.g kabelbeveiligng aangesproken.,ddr : os sns en bvl-schak.g kabelbeveili,542.0,542.0,93564.0,0.0,5.0,mafs,09/06/2014 00:54:00,05e,542.0,542.0,93564.0,0.0,techonv,215.0,09/06/2014 02:10:00,2.0,10/06/2014 10:45:00,n,0,b,"0,00",09/06/2014,00:50:00,542-402-1000072608,5.0,542-402-1000072608,e,09/06/2014,00:54:00,01:30:00,40.0,03:00:00,02:17:40,90.0,00:00:00,99999999.0,0.0,09/06/2014,01:00:00,09/06/2014,02:10:00,76.0,36.0,10/06/2014,10:45:00
640411,80767629,0.0,08/06/2014 23:32:00,asd :wpl 5-039 div. stations gestoord,asd :wpl 5-039 div. stations gestoord,586.0,586.0,0.0,0.0,5.0,mafs,08/06/2014 23:32:00,53p,298.74285714285713,298.74285714285713,0.0,0.0,techonv,221.0,09/06/2014 00:13:00,2.0,11/06/2014 23:27:00,n,0,b,"0,00",08/06/2014,23:32:00,586,53.0,155-302-1000128525,p,08/06/2014,23:32:00,23:33:00,40.0,00:00:00,00:00:00,99999999.0,00:00:00,99999999.0,0.0,08/06/2014,23:32:00,09/06/2014,00:13:00,41.0,1.0,11/06/2014,23:27:00
640412,80767629,0.0,08/06/2014 23:32:00,asd :wpl 5-039 div. stations gestoord,asd :wpl 5-039 div. stations gestoord,586.0,586.0,0.0,0.0,5.0,mafs,08/06/2014 23:32:00,53p,298.74285714285713,298.74285714285713,0.0,0.0,techonv,221.0,09/06/2014 00:13:00,2.0,11/06/2014 23:27:00,n,0,b,"0,00",08/06/2014,23:32:00,586,53.0,155-302-1000128525,p,08/06/2014,23:32:00,23:33:00,40.0,00:00:00,00:00:00,99999999.0,00:00:00,99999999.0,0.0,08/06/2014,23:32:00,09/06/2014,00:13:00,41.0,1.0,11/06/2014,23:27:00
640413,80767630,0.0,09/06/2014 03:24:00,zvb : stroomvoorz gestoord.,zvb : stroomvoorz gestoord.,120.0,120.0,7723.0,0.0,5.0,minb,09/06/2014 03:24:00,19e,298.74285714285713,298.74285714285713,0.0,0.0,weer,181.0,09/06/2014 04:48:00,1.0,13/05/2013 02:30:00,n,0,nb,"0,00",09/06/2014,03:24:00,120-431-1000019287,19.0,155-302-1000128525,e,09/06/2014,03:24:00,04:15:00,33.0,04:50:00,04:51:57,35.0,00:00:00,99999999.0,0.0,09/06/2014,00:00:00,09/06/2014,04:48:00,84.0,51.0,23/01/2006,00:00:00
640414,80767630,0.0,09/06/2014 03:24:00,zvb : stroomvoorz gestoord.,zvb : stroomvoorz gestoord.,120.0,120.0,7723.0,0.0,5.0,minb,09/06/2014 03:24:00,19e,120.0,120.0,22759.0,0.0,weer,181.0,09/06/2014 04:48:00,1.0,07/07/2014 08:34:00,n,0,nb,"0,00",09/06/2014,03:24:00,120-431-1000019287,19.0,120-431-1000019287,e,09/06/2014,03:24:00,04:15:00,33.0,04:50:00,04:51:57,35.0,00:00:00,99999999.0,0.0,09/06/2014,00:00:00,09/06/2014,04:48:00,84.0,51.0,07/07/2014,08:34:00
640415,80767630,0.0,09/06/2014 03:24:00,zvb : stroomvoorz gestoord.,zvb : stroomvoorz gestoord.,120.0,120.0,7723.0,0.0,5.0,minb,09/06/2014 03:24:00,19e,120.0,120.0,22759.0,0.0,weer,181.0,09/06/2014 04:48:00,1.0,07/07/2014 08:34:00,n,0,nb,"0,00",09/06/2014,03:24:00,120-431-1000019287,19.0,120-431-1000019287,e,09/06/2014,03:24:00,04:15:00,33.0,04:50:00,04:51:57,35.0,00:00:00,99999999.0,0.0,09/06/2014,00:00:00,09/06/2014,04:48:00,84.0,51.0,07/07/2014,08:34:00
824200,80873377,0.0,11/12/2016 13:52:06,zvtl : sprinklermeldcentrale west storing,zvtl : sprinklermeldcentrale west storin,158.0,158.0,104216.0,104216.0,5.0,minb,11/12/2016 13:52:06,71k,158.0,158.0,104216.0,104216.0,techonv,190.4,13/05/2013 02:29:00,2.8289473684210527,13/05/2013 02:30:00,n,0,b,"0,00",11/12/2016,13:52:06,158-202-1000131472,71.0,158-202-1000131472,k,11/12/2016,13:52:06,00:00:00,0.0,00:00:00,00:00:00,0.0,00:00:00,99999999.0,0.0,11/12/2016,13:50:01,00000000,00:00:00,0.0,0.0,23/01/2006,00:00:00
824201,80873377,0.0,11/12/2016 13:52:06,zvtl : sprinklermeldcentrale west storing,zvtl : sprinklermeldcentrale west storin,158.0,158.0,104172.0,106495.0,5.0,minb,11/12/2016 13:52:06,71k,158.0,158.0,104172.0,106495.0,techonv,190.4,13/05/2013 02:29:00,2.8289473684210527,13/05/2013 02:30:00,n,0,b,"0,00",11/12/2016,13:52:06,158-202-1000131472,71.0,158-202-1000131472,k,11/12/2016,13:52:06,00:00:00,0.0,00:00:00,00:00:00,0.0,00:00:00,99999999.0,0.0,11/12/2016,13:50:01,00000000,00:00:00,0.0,0.0,23/01/2006,00:00:00
824202,80873378,0.0,11/12/2016 13:44:02,apd : sp-102/bb/as t.h.v. wl-27b atb-code  naar 0 div. meldingen (dhr adding is in de buurt nu),apd : sp-102/bb/as t.h.v. wl-27b atb-cod,608.0,608.0,0.0,0.0,5.0,minb page,11/12/2016 13:44:03,31s,608.0,608.0,0.0,0.0,techonv,190.4,11/12/2016 14:55:01,1.0,13/05/2013 02:30:00,n,0,b,"0,00",11/12/2016,13:44:02,608-605-1000023999,31.0,608-605-1000023999,s,11/12/2016,13:44:03,14:00:01,0.0,16:00:00,14:36:42,120.0,00:00:00,99999999.0,0.0,11/12/2016,13:42:01,11/12/2016,14:55:01,71.0,16.0,23/01/2006,00:00:00
824203,80873378,0.0,11/12/2016 13:44:02,apd : sp-102/bb/as wl-27b atb-code 2. div. meldingen (dhr adding is in de buurt nu),apd : sp-102/bb/as wl-27b atb-code 2. di,608.0,608.0,0.0,0.0,5.0,minb page,11/12/2016 13:44:03,31s,608.0,608.0,0.0,0.0,techonv,221.0,11/12/2016 14:55:01,1.0,11/12/2016 15:35:00,n,0,b,"0,00",11/12/2016,13:44:02,608-605-1000023999,31.0,608-605-1000023999,s,11/12/2016,13:44:03,14:00:01,0.0,16:00:00,14:36:42,120.0,00:00:00,99999999.0,0.0,11/12/2016,13:42:01,11/12/2016,14:55:01,71.0,16.0,11/12/2016,15:35:00
824204,80873378,0.0,11/12/2016 13:44:02,apd : sp-102/bb/as wl-27b atb-code 2. div. meldingen (dhr adding is in de buurt nu),apd : sp-102/bb/as wl-27b atb-code 2. di,608.0,608.0,0.0,0.0,5.0,minb page,11/12/2016 13:44:03,31s,608.0,608.0,0.0,0.0,techonv,221.0,11/12/2016 14:55:01,1.0,11/12/2016 15:35:00,n,0,b,"0,00",11/12/2016,13:44:02,608-605-1000023999,31.0,608-605-1000023999,s,11/12/2016,13:44:03,14:00:01,0.0,16:00:00,14:36:42,120.0,00:00:00,99999999.0,0.0,11/12/2016,13:42:01,11/12/2016,14:55:01,71.0,16.0,11/12/2016,15:35:00
824205,80873380,0.0,11/12/2016 13:53:20,pktl : e91 sprinklermeldcentrale storing,pktl : e91 sprinklermeldcentrale storing,158.0,158.0,98010.0,100578.0,5.0,minb,11/12/2016 13:53:20,71k,158.0,158.0,98010.0,100578.0,techonv,190.4,13/05/2013 02:29:00,2.8289473684210527,13/05/2013 02:30:00,n,0,b,"0,00",11/12/2016,13:53:20,158-202-1000129911,71.0,158-202-1000129911,k,11/12/2016,13:53:20,00:00:00,0.0,00:00:00,00:00:00,0.0,00:00:00,99999999.0,0.0,11/12/2016,13:53:01,00000000,00:00:00,0.0,0.0,23/01/2006,00:00:00
824206,80873381,0.0,11/12/2016 14:05:10,mvt : wl-113a/b rl n.i.c.,mvt : wl-113a/b rl n.i.c.,950.0,950.0,41881.0,41908.0,5.0,minb,11/12/2016 14:05:10,04b,950.0,950.0,41881.0,41908.0,onr-derd,146.0,11/12/2016 22:00:00,4.0,13/05/2013 02:30:00,n,0,nb,"0,00",11/12/2016,14:05:10,950-302-1000137538,4.0,950-302-1000137538,b,11/12/2016,14:05:10,15:49:00,0.0,17:00:00,22:01:16,1511.0,00:00:00,99999999.0,0.0,11/12/2016,14:03:00,11/12/2016,22:00:00,475.0,1060287349.0,23/01/2006,00:00:00
824207,80873381,0.0,11/12/2016 14:05:10,mvt : wl-113a/b rl n.i.c.,mvt : wl-113a/b rl n.i.c.,950.0,950.0,41881.0,41908.0,5.0,minb,11/12/2016 14:05:10,04b,950.0,950.0,41881.0,41908.0,onr-derd,146.0,11/12/2016 22:00:00,4.0,13/05/2013 02:30:00,n,0,nb,"0,00",11/12/2016,14:05:10,950-302-1000137538,4.0,950-302-1000137538,b,11/12/2016,14:05:10,15:49:00,0.0,17:00:00,22:01:16,1511.0,00:00:00,99999999.0,0.0,11/12/2016,14:03:00,11/12/2016,22:00:00,475.0,1060287349.0,23/01/2006,00:00:00
824208,80873383,0.0,11/12/2016 17:17:50,ps : wl-237 ll n.i.c.,ps : wl-237 ll n.i.c.,950.0,950.0,0.0,0.0,2.0,minb,11/12/2016 17:17:50,04x,950.0,950.0,0.0,0.0,techonv,221.0,11/12/2016 23:04:00,1.0,13/05/2013 02:30:00,n,0,b,"0,00",11/12/2016,17:17:50,950,4.0,950,x,11/12/2016,17:17:50,22:50:00,0.0,23:04:00,23:05:11,14.0,00:00:00,99999999.0,0.0,00/00/0000,00:00:00,11/12/2016,23:04:00,346.0,1060287770.0,23/01/2006,00:00:00
824209,80873383,0.0,11/12/2016 17:17:50,ps : wl-237 ll n.i.c.,ps : wl-237 ll n.i.c.,950.0,950.0,0.0,0.0,2.0,minb,11/12/2016 17:17:50,04x,950.0,950.0,0.0,0.0,techonv,221.0,11/12/2016 23:04:00,1.0,13/05/2013 02:30:00,n,0,b,"0,00",11/12/2016,17:17:50,950,4.0,950,x,11/12/2016,17:17:50,22:50:00,0.0,23:04:00,23:05:11,14.0,00:00:00,99999999.0,0.0,00/00/0000,00:00:00,11/12/2016,23:04:00,346.0,1060287770.0,23/01/2006,00:00:00
824210,80873384,0.0,11/12/2016 15:53:20,bzl : sp-2 omr gestoord.,bzl : sp-2 omr gestoord.,127.0,127.0,44070.0,44070.0,4.0,minb,11/12/2016 15:53:20,64t,127.0,127.0,44070.0,44070.0,techonv,215.0,11/12/2016 18:40:15,1.0,11/12/2016 18:40:15,n,0,b,"0,00",11/12/2016,15:53:20,127-802-1000057709,64.0,127-802-1000057709,t,11/12/2016,15:53:20,15:53:58,0.0,00:00:00,00:00:00,0.0,00:00:00,99999999.0,0.0,00/00/0000,00:00:00,11/12/2016,18:40:15,167.0,1060287354.0,11/12/2016,18:40:15
824211,80873387,0.0,11/12/2016 15:14:11,"zl : wlverw brandt t.o. aan oostzijde, ri dv-hno.","zl : wlverw brandt t.o. aan oostzijde, r",603.0,603.0,3338.0,3338.0,5.0,minb,11/12/2016 15:14:11,34b,603.0,603.0,3338.0,3338.0,techonv,215.0,11/12/2016 15:46:00,1.0,11/12/2016 15:47:00,n,0,b,"0,00",11/12/2016,15:14:11,603-303-1000011232,34.0,603-303-1000011232,b,11/12/2016,15:14:11,15:30:00,0.0,15:47:00,15:51:39,17.0,00:00:00,99999999.0,0.0,11/12/2016,15:11:01,11/12/2016,15:46:00,32.0,1060287330.0,11/12/2016,15:47:00
824212,80873387,0.0,11/12/2016 15:14:11,"zl : wlverw brandt t.o. aan oostzijde, ri dv-hno.","zl : wlverw brandt t.o. aan oostzijde, r",603.0,603.0,3338.0,3338.0,5.0,minb,11/12/2016 15:14:11,34b,603.0,603.0,3338.0,3338.0,techonv,215.0,11/12/2016 15:46:00,1.0,11/12/2016 15:47:00,n,0,b,"0,00",11/12/2016,15:14:11,603-303-1000011232,34.0,603-303-1000011232,b,11/12/2016,15:14:11,15:30:00,0.0,15:47:00,15:51:39,17.0,00:00:00,99999999.0,0.0,11/12/2016,15:11:01,11/12/2016,15:46:00,32.0,1060287330.0,11/12/2016,15:47:00
824213,80873388,4029661.0,11/12/2016 15:10:57,hdb : ovw 46.5 boom valt steeds iets naar beneden (li-zijde ri zl),hdb : ovw 46.5 boom valt steeds iets naa,203.0,203.0,46509.0,46509.0,2.0,minb,11/12/2016 15:10:57,34s,203.0,203.0,46509.0,46509.0,techonv,228.0,11/12/2016 16:00:00,1.0,11/12/2016 16:50:00,n,0,b,"0,00",11/12/2016,15:10:57,203-204-1000061613,34.0,203-204-1000061613,s,11/12/2016,15:10:57,15:37:50,0.0,17:00:00,16:54:45,82.0,00:00:00,99999999.0,0.0,00/00/0000,00:00:00,11/12/2016,16:00:00,49.0,1060287338.0,11/12/2016,16:50:00
824214,80873388,4029661.0,11/12/2016 15:10:57,hdb : ovw 46.5 boom valt steeds iets naar beneden (li-zijde ri zl),hdb : ovw 46.5 boom valt steeds iets naa,203.0,203.0,46509.0,46509.0,2.0,minb,11/12/2016 15:10:57,34s,203.0,203.0,46509.0,46509.0,techonv,228.0,11/12/2016 16:00:00,1.0,11/12/2016 16:50:00,n,0,b,"0,00",11/12/2016,15:10:57,203-204-1000061613,34.0,203-204-1000061613,s,11/12/2016,15:10:57,15:37:50,0.0,17:00:00,16:54:45,82.0,00:00:00,99999999.0,0.0,00/00/0000,00:00:00,11/12/2016,16:00:00,49.0,1060287338.0,11/12/2016,16:50:00
824215,80873388,4029661.0,11/12/2016 15:10:57,hdb : ovw 46.5 boom valt steeds iets naar beneden (li-zijde ri zl),hdb : ovw 46.5 boom valt steeds iets naa,203.0,203.0,46509.0,46509.0,2.0,minb page,01/04/2017 23:19:10,34s,203.0,203.0,46509.0,46509.0,techonv,228.0,11/12/2016 16:00:00,1.0,11/12/2016 16:50:00,n,0,b,"0,00",11/12/2016,15:10:57,203-204-1000061613,34.0,203-204-1000061613,s,01/04/2017,23:19:10,15:37:50,0.0,17:00:00,16:54:45,82.0,00:00:00,99999999.0,0.0,00/00/0000,00:00:00,11/12/2016,16:00:00,49.0,0.0,11/12/2016,16:50:00
908614,99003502,0.0,11/05/2013 07:17:00,cup : wl-4439 2 in/uit de storing.,cup : wl-4439 2 in/uit de storing.,155.0,155.0,84270.0,0.0,4.0,mafs,11/05/2013 07:17:00,71s,155.0,155.0,84270.0,0.0,techonv,298.0,13/05/2013 02:29:00,4.0,13/05/2013 02:30:00,n,0,b,"0,00",11/05/2013,07:17:00,155-302-1000128525,71.0,155-302-1000128525,s,11/05/2013,07:17:00,01:00:00,89.0,02:30:00,02:40:55,90.0,00:00:00,99999999.0,0.0,00/00/0000,00:00:00,13/05/2013,02:29:00,2592.0,2503.0,13/05/2013,02:30:00
908615,99003502,0.0,11/05/2013 07:17:00,cup : wl-4439 2 in/uit de storing.,cup : wl-4439 2 in/uit de storing.,155.0,155.0,84270.0,0.0,4.0,mafs,11/05/2013 07:17:00,71s,155.0,155.0,84270.0,0.0,techonv,298.0,13/05/2013 02:29:00,4.0,13/05/2013 02:30:00,n,0,b,"0,00",11/05/2013,07:17:00,155-302-1000128525,71.0,155-302-1000128525,s,11/05/2013,07:17:00,01:00:00,89.0,02:30:00,02:40:55,90.0,00:00:00,99999999.0,0.0,00/00/0000,00:00:00,13/05/2013,02:29:00,2592.0,2503.0,13/05/2013,02:30:00
908616,99003502,0.0,11/05/2013 07:17:00,cup : wl-4439 2 in/uit de storing.,cup : wl-4439 2 in/uit de storing.,155.0,155.0,84270.0,0.0,4.0,mafs,11/05/2013 07:17:00,71s,155.0,155.0,84270.0,0.0,techonv,298.0,13/05/2013 02:29:00,4.0,13/05/2013 02:30:00,n,0,b,"0,00",11/05/2013,07:17:00,155-302-1000128525,71.0,155-302-1000128525,s,11/05/2013,07:17:00,01:00:00,89.0,02:30:00,02:40:55,90.0,00:00:00,99999999.0,0.0,00/00/0000,00:00:00,13/05/2013,02:29:00,2592.0,2503.0,13/05/2013,02:30:00
908617,99003502,0.0,11/05/2013 07:17:00,cup : wl-4439 2 in/uit de storing.,cup : wl-4439 2 in/uit de storing.,155.0,155.0,84270.0,0.0,4.0,mafs,11/05/2013 07:17:00,71s,155.0,155.0,84270.0,0.0,techonv,298.0,13/05/2013 02:29:00,4.0,13/05/2013 02:30:00,n,0,b,"0,00",11/05/2013,07:17:00,155-302-1000128525,71.0,155-302-1000128525,s,11/05/2013,07:17:00,01:00:00,89.0,02:30:00,02:40:55,90.0,00:00:00,99999999.0,0.0,00/00/0000,00:00:00,13/05/2013,02:29:00,2592.0,2503.0,13/05/2013,02:30:00
908618,99003502,0.0,11/05/2013 07:17:00,cup : wl-4439 2 in/uit de storing.,cup : wl-4439 2 in/uit de storing.,155.0,155.0,84270.0,0.0,4.0,mafs,11/05/2013 07:17:00,71s,155.0,155.0,84270.0,0.0,techonv,298.0,13/05/2013 02:29:00,4.0,13/05/2013 02:30:00,n,0,b,"0,00",11/05/2013,07:17:00,155-302-1000128525,71.0,155-302-1000128525,s,11/05/2013,07:17:00,01:00:00,89.0,02:30:00,02:40:55,90.0,00:00:00,99999999.0,0.0,00/00/0000,00:00:00,13/05/2013,02:29:00,2592.0,2503.0,13/05/2013,02:30:00
908619,99003502,0.0,11/05/2013 07:17:00,cup : wl-4439 2 in/uit de storing.,cup : wl-4439 2 in/uit de storing.,155.0,155.0,84270.0,0.0,4.0,mafs,11/05/2013 07:17:00,71s,155.0,155.0,84270.0,0.0,techonv,298.0,13/05/2013 02:29:00,4.0,13/05/2013 02:30:00,n,0,b,"0,00",11/05/2013,07:17:00,155-302-1000128525,71.0,155-302-1000128525,s,11/05/2013,07:17:00,01:00:00,89.0,02:30:00,02:40:55,90.0,00:00:00,99999999.0,0.0,00/00/0000,00:00:00,13/05/2013,02:29:00,2592.0,2503.0,13/05/2013,02:30:00
908620,99003503,0.0,11/05/2013 07:55:00,ldm-akl : km-60.0 atb code 4,ldm-akl : km-60.0 atb code 4,118.0,118.0,0.0,0.0,4.0,mafs,11/05/2013 07:55:00,05s,118.0,118.0,0.0,0.0,techonv,221.0,13/05/2013 03:29:00,4.0,13/05/2013 03:30:00,n,0,b,"0,00",11/05/2013,07:55:00,118-605-1000003263,5.0,118-601-1000150940,s,11/05/2013,07:55:00,00:30:00,179.0,03:30:00,03:31:05,180.0,00:00:00,99999999.0,0.0,00/00/0000,00:00:00,13/05/2013,03:29:00,2614.0,2435.0,13/05/2013,03:30:00
908621,99003503,0.0,11/05/2013 07:55:00,ldm-akl : km-60.0 atb code 4,ldm-akl : km-60.0 atb code 4,118.0,118.0,0.0,0.0,4.0,mafs,11/05/2013 07:55:00,05s,118.0,118.0,0.0,0.0,techonv,221.0,13/05/2013 03:29:00,4.0,13/05/2013 03:30:00,n,0,b,"0,00",11/05/2013,07:55:00,118-605-1000003263,5.0,118-601-1000150940,s,11/05/2013,07:55:00,00:30:00,179.0,03:30:00,03:31:05,180.0,00:00:00,99999999.0,0.0,00/00/0000,00:00:00,13/05/2013,03:29:00,2614.0,2435.0,13/05/2013,03:30:00
908622,99003504,0.0,11/05/2013 07:59:00,a15 : km 102.6 deur geluidsscherm open,a15 : km 102.6 deur geluidsscherm open,158.0,158.0,102255.0,0.0,5.0,minb,11/05/2013 07:59:00,71b,158.0,158.0,102255.0,0.0,techonv,298.0,11/05/2013 08:24:00,4.0,11/05/2013 08:25:00,n,0,b,"0,00",11/05/2013,07:59:00,158-205-1000130792,71.0,158-205-1000130792,b,11/05/2013,07:59:00,08:21:00,3.0,08:25:00,08:31:24,4.0,00:00:00,99999999.0,0.0,00/00/0000,00:00:00,11/05/2013,08:24:00,25.0,22.0,11/05/2013,08:25:00
908623,99003504,0.0,11/05/2013 07:59:00,a15 : km 102.6 deur geluidsscherm open,a15 : km 102.6 deur geluidsscherm open,158.0,158.0,102255.0,0.0,5.0,minb,11/05/2013 07:59:00,71b,158.0,158.0,102255.0,0.0,techonv,298.0,11/05/2013 08:24:00,4.0,11/05/2013 08:25:00,n,0,b,"0,00",11/05/2013,07:59:00,158-205-1000130792,71.0,158-205-1000130792,b,11/05/2013,07:59:00,08:21:00,3.0,08:25:00,08:31:24,4.0,00:00:00,99999999.0,0.0,00/00/0000,00:00:00,11/05/2013,08:24:00,25.0,22.0,11/05/2013,08:25:00
908624,99003505,0.0,11/05/2013 08:06:00,gvc : sp-2 en 3  stop lampen op de stootjukken gedoofd,gvc : sp-2 en 3  stop lampen op de stoot,560.0,560.0,24500.0,0.0,5.0,mafs,11/05/2013 08:06:00,02b,298.74285714285713,298.74285714285713,0.0,0.0,techonv,215.0,11/05/2013 09:29:00,1.0,11/05/2013 09:30:00,n,0,b,"0,00",11/05/2013,08:06:00,560,2.0,155-302-1000128525,b,11/05/2013,08:06:00,09:05:00,24.0,09:35:00,09:26:18,30.0,00:00:00,99999999.0,0.0,00/00/0000,00:00:00,11/05/2013,09:29:00,83.0,59.0,11/05/2013,09:30:00
908625,99003505,0.0,11/05/2013 08:06:00,gvc : sp-2 en 3  stop lampen op de stootjukken gedoofd,gvc : sp-2 en 3  stop lampen op de stoot,560.0,560.0,24500.0,0.0,5.0,mafs,11/05/2013 08:06:00,02b,298.74285714285713,298.74285714285713,0.0,0.0,techonv,215.0,11/05/2013 09:29:00,1.0,11/05/2013 09:30:00,n,0,b,"0,00",11/05/2013,08:06:00,560,2.0,155-302-1000128525,b,11/05/2013,08:06:00,09:05:00,24.0,09:35:00,09:26:18,30.0,00:00:00,99999999.0,0.0,00/00/0000,00:00:00,11/05/2013,09:29:00,83.0,59.0,11/05/2013,09:30:00
908626,99003506,0.0,11/05/2013 09:21:00,whz : ovw 100.1 albert plesmanweg blijft  dicht  liggen.,whz : ovw 100.1 albert plesmanweg blijft,468.0,468.0,100051.0,0.0,2.0,mafs,11/05/2013 09:21:00,04s,468.0,468.0,100051.0,0.0,techonv,218.0,11/05/2013 10:44:00,4.0,11/05/2013 10:44:00,n,0,b,"0,00",11/05/2013,09:21:00,468-204-1000029432,4.0,468-204-1000029432,s,11/05/2013,09:21:00,10:08:00,36.0,11:00:00,10:16:27,52.0,00:00:00,99999999.0,0.0,00/00/0000,00:00:00,11/05/2013,10:44:00,83.0,47.0,11/05/2013,10:44:00
908627,99003506,0.0,11/05/2013 09:21:00,whz : ovw 100.1 albert plesmanweg blijft  dicht  liggen.,whz : ovw 100.1 albert plesmanweg blijft,468.0,468.0,100051.0,0.0,2.0,mafs,11/05/2013 09:21:00,04s,468.0,468.0,100051.0,0.0,techonv,218.0,11/05/2013 10:44:00,4.0,11/05/2013 10:44:00,n,0,b,"0,00",11/05/2013,09:21:00,468-204-1000029432,4.0,468-204-1000029432,s,11/05/2013,09:21:00,10:08:00,36.0,11:00:00,10:16:27,52.0,00:00:00,99999999.0,0.0,00/00/0000,00:00:00,11/05/2013,10:44:00,83.0,47.0,11/05/2013,10:44:00
908628,99999999,0.0,20/08/2016 14:15:17,bdg-apn : km 12.7 twee gedode zwanen langs het spoor. op verzoek van detrdl zsm verwijderen svp.,bdg-apn : km 12.7 twee gedode zwanen lan,102.0,102.0,0.0,0.0,2.0,minb,20/08/2016 14:15:17,81b,102.0,102.0,0.0,0.0,onr-rib,135.0,20/08/2016 15:14:00,1.0,20/08/2016 15:15:00,n,0,b,"0,00",20/08/2016,14:15:17,102,81.0,102,b,20/08/2016,14:15:17,14:45:00,0.0,16:00:00,15:16:29,75.0,00:00:00,99999999.0,0.0,00/00/0000,00:00:00,20/08/2016,15:14:00,19.0,1060124565.0,20/08/2016,15:15:00
908629,99999999,0.0,20/08/2016 14:15:17,bdg-apn : km 12.7 twee gedode zwanen langs het spoor. op verzoek van detrdl zsm verwijderen svp.,bdg-apn : km 12.7 twee gedode zwanen lan,102.0,102.0,0.0,0.0,2.0,minb,20/08/2016 14:15:17,81o,102.0,102.0,0.0,0.0,onr-derd,143.0,20/08/2016 15:14:00,1.0,20/08/2016 15:15:00,n,0,nb,"0,00",20/08/2016,14:15:17,102,81.0,102,o,20/08/2016,14:15:17,14:45:00,0.0,16:00:00,15:16:29,75.0,00:00:00,99999999.0,0.0,00/00/0000,00:00:00,20/08/2016,15:14:00,19.0,1060124565.0,20/08/2016,15:15:00
